{"$schema":"http://schema.management.azure.com/schemas/2015-01-01/deploymentTemplate.json#","contentVersion":"1.0.0.0","parameters":{"factoryName":{"type":"string","metadata":"Data Factory name"},"Dynamilinkservervices":{"type":"string"},"01DBAPR001Stagning":{"type":"string"}},"variables":{"factoryId":"[concat('Microsoft.DataFactory/factories/', parameters('factoryName'))]"},"resources":[{"name":"[concat(parameters('factoryName'), '/LoopAlldatabase')]","type":"Microsoft.DataFactory/factories/pipelines","apiVersion":"2018-06-01","properties":{"activities":[{"name":"Look for databases","type":"Lookup","dependsOn":[],"policy":{"timeout":"7.00:00:00","retry":2,"retryIntervalInSeconds":30,"secureOutput":false,"secureInput":false},"userProperties":[],"typeProperties":{"source":{"type":"AzureSqlSource","sqlReaderQuery":"Select [name] from sys.databases \nwhere [name] != 'master'","queryTimeout":"02:00:00","partitionOption":"None"},"dataset":{"referenceName":"AzureSqlTable4","type":"DatasetReference","parameters":{}},"firstRowOnly":false}},{"name":"ForEach_Database","type":"ForEach","dependsOn":[{"activity":"Look for databases","dependencyConditions":["Succeeded"]}],"userProperties":[],"typeProperties":{"items":{"value":"@activity('Look for databases').output.value","type":"Expression"},"isSequential":true,"activities":[{"name":"SetDBName","type":"SetVariable","dependsOn":[],"userProperties":[],"typeProperties":{"variableName":"DatabaseString","value":{"value":"@item().name","type":"Expression"}}},{"name":"Run Database Tasks","type":"SqlServerStoredProcedure","dependsOn":[{"activity":"SetDBName","dependencyConditions":["Succeeded"]}],"policy":{"timeout":"7.00:00:00","retry":2,"retryIntervalInSeconds":30,"secureOutput":false,"secureInput":false},"userProperties":[],"typeProperties":{"storedProcedureName":"[[dbo].[AzureSQLMaintenance]","storedProcedureParameters":{"operation":{"value":"ALL","type":"String"}}},"linkedServiceName":{"referenceName":"[parameters('Dynamilinkservervices')]","type":"LinkedServiceReference","parameters":{"ServerFQDN":"01dbapr001-staging.database.windows.net","DBname":{"value":"@variables('DatabaseString')","type":"Expression"}}}}]}}],"concurrency":1,"policy":{"elapsedTimeMetric":{},"cancelAfter":{}},"variables":{"DatabaseString":{"type":"String"}},"annotations":[],"lastPublishTime":"2022-01-20T23:19:35Z"},"dependsOn":["[concat(variables('factoryId'), '/datasets/AzureSqlTable4')]"]},{"name":"[concat(parameters('factoryName'), '/AzureSqlTable4')]","type":"Microsoft.DataFactory/factories/datasets","apiVersion":"2018-06-01","properties":{"linkedServiceName":{"referenceName":"[parameters('01DBAPR001Stagning')]","type":"LinkedServiceReference"},"annotations":[],"type":"AzureSqlTable","schema":[],"typeProperties":{}},"dependsOn":[]}]}